Image,Cluster
/Users/kater/HauntedImages_8000/haunted_8000.png,0
/Users/kater/HauntedImages_8000/haunted_8001.png,0
/Users/kater/HauntedImages_8000/haunted_8002.png,2
/Users/kater/HauntedImages_8000/haunted_8003.png,2
/Users/kater/HauntedImages_8000/haunted_8004.png,0
/Users/kater/HauntedImages_8000/haunted_8005.png,0
/Users/kater/HauntedImages_8000/haunted_8006.png,0
/Users/kater/HauntedImages_8000/haunted_8007.png,0
/Users/kater/HauntedImages_8000/haunted_8008.png,0
/Users/kater/HauntedImages_8000/haunted_8009.png,0
/Users/kater/HauntedImages_8000/haunted_8010.png,0
/Users/kater/HauntedImages_8000/haunted_8011.png,2
/Users/kater/HauntedImages_8000/haunted_8012.png,2
/Users/kater/HauntedImages_8000/haunted_8013.png,2
/Users/kater/HauntedImages_8000/haunted_8015.png,2
/Users/kater/HauntedImages_8000/haunted_8016.png,2
/Users/kater/HauntedImages_8000/haunted_8017.png,1
/Users/kater/HauntedImages_8000/haunted_8018.png,1
/Users/kater/HauntedImages_8000/haunted_8019.png,2
/Users/kater/HauntedImages_8000/haunted_8020.png,0
/Users/kater/HauntedImages_8000/haunted_8021.png,0
/Users/kater/HauntedImages_8000/haunted_8022.png,0
/Users/kater/HauntedImages_8000/haunted_8023.png,0
/Users/kater/HauntedImages_8000/haunted_8024.png,2
/Users/kater/HauntedImages_8000/haunted_8025.png,0
/Users/kater/HauntedImages_8000/haunted_8026.png,0
/Users/kater/HauntedImages_8000/haunted_8027.png,0
/Users/kater/HauntedImages_8000/haunted_8028.png,2
/Users/kater/HauntedImages_8000/haunted_8030.png,0
/Users/kater/HauntedImages_8000/haunted_8031.png,2
/Users/kater/HauntedImages_8000/haunted_8033.png,2
/Users/kater/HauntedImages_8000/haunted_8034.png,0
/Users/kater/HauntedImages_8000/haunted_8035.png,0
/Users/kater/HauntedImages_8000/haunted_8036.png,0
/Users/kater/HauntedImages_8000/haunted_8037.png,0
/Users/kater/HauntedImages_8000/haunted_8038.png,2
/Users/kater/HauntedImages_8000/haunted_8039.png,0
/Users/kater/HauntedImages_8000/haunted_8040.png,2
/Users/kater/HauntedImages_8000/haunted_8041.png,0
/Users/kater/HauntedImages_8000/haunted_8042.png,0
/Users/kater/HauntedImages_8000/haunted_8043.png,0
/Users/kater/HauntedImages_8000/haunted_8045.png,2
/Users/kater/HauntedImages_8000/haunted_8046.png,0
/Users/kater/HauntedImages_8000/haunted_8047.png,2
/Users/kater/HauntedImages_8000/haunted_8048.png,0
/Users/kater/HauntedImages_8000/haunted_8049.png,1
/Users/kater/HauntedImages_8000/haunted_8050.png,0
/Users/kater/HauntedImages_8000/haunted_8051.png,2
/Users/kater/HauntedImages_8000/haunted_8052.png,0
/Users/kater/HauntedImages_8000/haunted_8053.png,2
/Users/kater/HauntedImages_8000/haunted_8054.png,2
/Users/kater/HauntedImages_8000/haunted_8055.png,0
/Users/kater/HauntedImages_8000/haunted_8056.png,2
/Users/kater/HauntedImages_8000/haunted_8057.png,2
/Users/kater/HauntedImages_8000/haunted_8058.png,1
/Users/kater/HauntedImages_8000/haunted_8059.png,0
/Users/kater/HauntedImages_8000/haunted_8060.png,0
/Users/kater/HauntedImages_8000/haunted_8061.png,1
/Users/kater/HauntedImages_8000/haunted_8062.png,0
/Users/kater/HauntedImages_8000/haunted_8063.png,2
/Users/kater/HauntedImages_8000/haunted_8064.png,2
/Users/kater/HauntedImages_8000/haunted_8065.png,2
/Users/kater/HauntedImages_8000/haunted_8067.png,0
/Users/kater/HauntedImages_8000/haunted_8068.png,0
/Users/kater/HauntedImages_8000/haunted_8069.png,0
/Users/kater/HauntedImages_8000/haunted_8070.png,0
/Users/kater/HauntedImages_8000/haunted_8071.png,0
/Users/kater/HauntedImages_8000/haunted_8072.png,0
/Users/kater/HauntedImages_8000/haunted_8073.png,0
/Users/kater/HauntedImages_8000/haunted_8074.png,0
/Users/kater/HauntedImages_8000/haunted_8075.png,1
/Users/kater/HauntedImages_8000/haunted_8076.png,0
/Users/kater/HauntedImages_8000/haunted_8077.png,2
/Users/kater/HauntedImages_8000/haunted_8078.png,1
/Users/kater/HauntedImages_8000/haunted_8079.png,0
/Users/kater/HauntedImages_8000/haunted_8080.png,1
/Users/kater/HauntedImages_8000/haunted_8081.png,0
/Users/kater/HauntedImages_8000/haunted_8082.png,0
/Users/kater/HauntedImages_8000/haunted_8083.png,2
/Users/kater/HauntedImages_8000/haunted_8084.png,0
/Users/kater/HauntedImages_8000/haunted_8085.png,2
/Users/kater/HauntedImages_8000/haunted_8086.png,0
/Users/kater/HauntedImages_8000/haunted_8087.png,0
/Users/kater/HauntedImages_8000/haunted_8088.png,2
/Users/kater/HauntedImages_8000/haunted_8089.png,0
/Users/kater/HauntedImages_8000/haunted_8090.png,0
/Users/kater/HauntedImages_8000/haunted_8091.png,0
/Users/kater/HauntedImages_8000/haunted_8092.png,1
/Users/kater/HauntedImages_8000/haunted_8093.png,2
/Users/kater/HauntedImages_8000/haunted_8094.png,2
/Users/kater/HauntedImages_8000/haunted_8095.png,1
/Users/kater/HauntedImages_8000/haunted_8096.png,1
/Users/kater/HauntedImages_8000/haunted_8097.png,2
/Users/kater/HauntedImages_8000/haunted_8098.png,2
/Users/kater/HauntedImages_8000/haunted_8099.png,1
/Users/kater/HauntedImages_8000/haunted_8100.png,0
/Users/kater/HauntedImages_8000/haunted_8101.png,1
/Users/kater/HauntedImages_8000/haunted_8102.png,2
/Users/kater/HauntedImages_8000/haunted_8103.png,2
/Users/kater/HauntedImages_8000/haunted_8104.png,2
/Users/kater/HauntedImages_8000/haunted_8105.png,0
/Users/kater/HauntedImages_8000/haunted_8106.png,2
/Users/kater/HauntedImages_8000/haunted_8107.png,0
/Users/kater/HauntedImages_8000/haunted_8108.png,0
/Users/kater/HauntedImages_8000/haunted_8109.png,0
/Users/kater/HauntedImages_8000/haunted_8110.png,0
/Users/kater/HauntedImages_8000/haunted_8111.png,1
/Users/kater/HauntedImages_8000/haunted_8112.png,0
/Users/kater/HauntedImages_8000/haunted_8113.png,0
/Users/kater/HauntedImages_8000/haunted_8114.png,1
/Users/kater/HauntedImages_8000/haunted_8115.png,0
/Users/kater/HauntedImages_8000/haunted_8116.png,0
/Users/kater/HauntedImages_8000/haunted_8117.png,0
/Users/kater/HauntedImages_8000/haunted_8118.png,2
/Users/kater/HauntedImages_8000/haunted_8119.png,0
/Users/kater/HauntedImages_8000/haunted_8120.png,2
/Users/kater/HauntedImages_8000/haunted_8121.png,2
/Users/kater/HauntedImages_8000/haunted_8122.png,0
/Users/kater/HauntedImages_8000/haunted_8123.png,0
/Users/kater/HauntedImages_8000/haunted_8124.png,2
/Users/kater/HauntedImages_8000/haunted_8125.png,2
/Users/kater/HauntedImages_8000/haunted_8126.png,0
/Users/kater/HauntedImages_8000/haunted_8127.png,0
/Users/kater/HauntedImages_8000/haunted_8128.png,0
/Users/kater/HauntedImages_8000/haunted_8130.png,2
/Users/kater/HauntedImages_8000/haunted_8131.png,0
/Users/kater/HauntedImages_8000/haunted_8132.png,2
/Users/kater/HauntedImages_8000/haunted_8133.png,0
/Users/kater/HauntedImages_8000/haunted_8134.png,1
/Users/kater/HauntedImages_8000/haunted_8135.png,0
/Users/kater/HauntedImages_8000/haunted_8136.png,0
/Users/kater/HauntedImages_8000/haunted_8137.png,0
/Users/kater/HauntedImages_8000/haunted_8138.png,0
/Users/kater/HauntedImages_8000/haunted_8139.png,0
/Users/kater/HauntedImages_8000/haunted_8140.png,2
/Users/kater/HauntedImages_8000/haunted_8141.png,1
/Users/kater/HauntedImages_8000/haunted_8142.png,2
/Users/kater/HauntedImages_8000/haunted_8143.png,0
/Users/kater/HauntedImages_8000/haunted_8144.png,0
/Users/kater/HauntedImages_8000/haunted_8145.png,0
/Users/kater/HauntedImages_8000/haunted_8146.png,0
/Users/kater/HauntedImages_8000/haunted_8147.png,0
/Users/kater/HauntedImages_8000/haunted_8148.png,1
/Users/kater/HauntedImages_8000/haunted_8149.png,2
/Users/kater/HauntedImages_8000/haunted_8150.png,2
/Users/kater/HauntedImages_8000/haunted_8151.png,1
/Users/kater/HauntedImages_8000/haunted_8152.png,0
/Users/kater/HauntedImages_8000/haunted_8153.png,2
/Users/kater/HauntedImages_8000/haunted_8154.png,2
/Users/kater/HauntedImages_8000/haunted_8155.png,0
/Users/kater/HauntedImages_8000/haunted_8156.png,2
/Users/kater/HauntedImages_8000/haunted_8157.png,0
/Users/kater/HauntedImages_8000/haunted_8158.png,0
/Users/kater/HauntedImages_8000/haunted_8159.png,0
/Users/kater/HauntedImages_8000/haunted_8160.png,1
/Users/kater/HauntedImages_8000/haunted_8161.png,0
/Users/kater/HauntedImages_8000/haunted_8162.png,2
/Users/kater/HauntedImages_8000/haunted_8163.png,0
/Users/kater/HauntedImages_8000/haunted_8164.png,0
/Users/kater/HauntedImages_8000/haunted_8165.png,2
/Users/kater/HauntedImages_8000/haunted_8167.png,2
/Users/kater/HauntedImages_8000/haunted_8168.png,2
/Users/kater/HauntedImages_8000/haunted_8169.png,2
/Users/kater/HauntedImages_8000/haunted_8170.png,2
/Users/kater/HauntedImages_8000/haunted_8171.png,2
/Users/kater/HauntedImages_8000/haunted_8172.png,0
/Users/kater/HauntedImages_8000/haunted_8174.png,2
/Users/kater/HauntedImages_8000/haunted_8175.png,0
/Users/kater/HauntedImages_8000/haunted_8176.png,2
/Users/kater/HauntedImages_8000/haunted_8177.png,0
/Users/kater/HauntedImages_8000/haunted_8178.png,1
/Users/kater/HauntedImages_8000/haunted_8179.png,0
/Users/kater/HauntedImages_8000/haunted_8180.png,0
/Users/kater/HauntedImages_8000/haunted_8181.png,1
/Users/kater/HauntedImages_8000/haunted_8182.png,0
/Users/kater/HauntedImages_8000/haunted_8183.png,0
/Users/kater/HauntedImages_8000/haunted_8184.png,0
/Users/kater/HauntedImages_8000/haunted_8185.png,2
/Users/kater/HauntedImages_8000/haunted_8186.png,0
/Users/kater/HauntedImages_8000/haunted_8187.png,0
/Users/kater/HauntedImages_8000/haunted_8188.png,0
/Users/kater/HauntedImages_8000/haunted_8189.png,0
/Users/kater/HauntedImages_8000/haunted_8190.png,0
/Users/kater/HauntedImages_8000/haunted_8191.png,0
/Users/kater/HauntedImages_8000/haunted_8192.png,0
/Users/kater/HauntedImages_8000/haunted_8193.png,2
/Users/kater/HauntedImages_8000/haunted_8194.png,0
/Users/kater/HauntedImages_8000/haunted_8195.png,2
/Users/kater/HauntedImages_8000/haunted_8196.png,0
/Users/kater/HauntedImages_8000/haunted_8197.png,0
/Users/kater/HauntedImages_8000/haunted_8198.png,0
/Users/kater/HauntedImages_8000/haunted_8199.png,1
/Users/kater/HauntedImages_8000/haunted_8200.png,1
/Users/kater/HauntedImages_8000/haunted_8201.png,0
/Users/kater/HauntedImages_8000/haunted_8202.png,1
/Users/kater/HauntedImages_8000/haunted_8203.png,0
/Users/kater/HauntedImages_8000/haunted_8204.png,0
/Users/kater/HauntedImages_8000/haunted_8205.png,2
/Users/kater/HauntedImages_8000/haunted_8206.png,0
/Users/kater/HauntedImages_8000/haunted_8207.png,0
/Users/kater/HauntedImages_8000/haunted_8208.png,2
/Users/kater/HauntedImages_8000/haunted_8209.png,0
/Users/kater/HauntedImages_8000/haunted_8210.png,1
/Users/kater/HauntedImages_8000/haunted_8211.png,2
/Users/kater/HauntedImages_8000/haunted_8212.png,2
/Users/kater/HauntedImages_8000/haunted_8213.png,2
/Users/kater/HauntedImages_8000/haunted_8214.png,0
/Users/kater/HauntedImages_8000/haunted_8215.png,0
/Users/kater/HauntedImages_8000/haunted_8216.png,0
/Users/kater/HauntedImages_8000/haunted_8217.png,2
/Users/kater/HauntedImages_8000/haunted_8218.png,0
/Users/kater/HauntedImages_8000/haunted_8219.png,1
/Users/kater/HauntedImages_8000/haunted_8220.png,0
/Users/kater/HauntedImages_8000/haunted_8221.png,0
/Users/kater/HauntedImages_8000/haunted_8222.png,0
/Users/kater/HauntedImages_8000/haunted_8224.png,2
/Users/kater/HauntedImages_8000/haunted_8225.png,2
/Users/kater/HauntedImages_8000/haunted_8226.png,2
/Users/kater/HauntedImages_8000/haunted_8227.png,2
/Users/kater/HauntedImages_8000/haunted_8228.png,0
/Users/kater/HauntedImages_8000/haunted_8229.png,0
/Users/kater/HauntedImages_8000/haunted_8230.png,0
/Users/kater/HauntedImages_8000/haunted_8231.png,0
/Users/kater/HauntedImages_8000/haunted_8232.png,0
/Users/kater/HauntedImages_8000/haunted_8233.png,0
/Users/kater/HauntedImages_8000/haunted_8234.png,1
/Users/kater/HauntedImages_8000/haunted_8235.png,0
/Users/kater/HauntedImages_8000/haunted_8236.png,2
/Users/kater/HauntedImages_8000/haunted_8237.png,0
/Users/kater/HauntedImages_8000/haunted_8238.png,2
/Users/kater/HauntedImages_8000/haunted_8240.png,0
/Users/kater/HauntedImages_8000/haunted_8241.png,0
/Users/kater/HauntedImages_8000/haunted_8242.png,1
/Users/kater/HauntedImages_8000/haunted_8243.png,0
/Users/kater/HauntedImages_8000/haunted_8244.png,0
/Users/kater/HauntedImages_8000/haunted_8245.png,0
/Users/kater/HauntedImages_8000/haunted_8246.png,0
/Users/kater/HauntedImages_8000/haunted_8247.png,1
/Users/kater/HauntedImages_8000/haunted_8248.png,0
/Users/kater/HauntedImages_8000/haunted_8249.png,0
/Users/kater/HauntedImages_8000/haunted_8250.png,1
/Users/kater/HauntedImages_8000/haunted_8251.png,1
/Users/kater/HauntedImages_8000/haunted_8252.png,0
/Users/kater/HauntedImages_8000/haunted_8253.png,0
/Users/kater/HauntedImages_8000/haunted_8254.png,0
/Users/kater/HauntedImages_8000/haunted_8255.png,2
/Users/kater/HauntedImages_8000/haunted_8256.png,0
/Users/kater/HauntedImages_8000/haunted_8257.png,2
/Users/kater/HauntedImages_8000/haunted_8259.png,1
/Users/kater/HauntedImages_8000/haunted_8260.png,2
/Users/kater/HauntedImages_8000/haunted_8261.png,2
/Users/kater/HauntedImages_8000/haunted_8262.png,1
/Users/kater/HauntedImages_8000/haunted_8263.png,1
/Users/kater/HauntedImages_8000/haunted_8264.png,1
/Users/kater/HauntedImages_8000/haunted_8265.png,1
/Users/kater/HauntedImages_8000/haunted_8266.png,2
/Users/kater/HauntedImages_8000/haunted_8267.png,2
/Users/kater/HauntedImages_8000/haunted_8268.png,2
/Users/kater/HauntedImages_8000/haunted_8269.png,2
/Users/kater/HauntedImages_8000/haunted_8270.png,0
/Users/kater/HauntedImages_8000/haunted_8271.png,0
/Users/kater/HauntedImages_8000/haunted_8272.png,0
/Users/kater/HauntedImages_8000/haunted_8273.png,2
/Users/kater/HauntedImages_8000/haunted_8274.png,1
/Users/kater/HauntedImages_8000/haunted_8275.png,0
/Users/kater/HauntedImages_8000/haunted_8276.png,0
/Users/kater/HauntedImages_8000/haunted_8277.png,1
/Users/kater/HauntedImages_8000/haunted_8278.png,0
/Users/kater/HauntedImages_8000/haunted_8279.png,2
/Users/kater/HauntedImages_8000/haunted_8280.png,0
/Users/kater/HauntedImages_8000/haunted_8281.png,0
/Users/kater/HauntedImages_8000/haunted_8282.png,0
/Users/kater/HauntedImages_8000/haunted_8283.png,2
/Users/kater/HauntedImages_8000/haunted_8284.png,0
/Users/kater/HauntedImages_8000/haunted_8286.png,1
/Users/kater/HauntedImages_8000/haunted_8287.png,2
/Users/kater/HauntedImages_8000/haunted_8288.png,2
/Users/kater/HauntedImages_8000/haunted_8289.png,2
/Users/kater/HauntedImages_8000/haunted_8290.png,0
/Users/kater/HauntedImages_8000/haunted_8291.png,0
/Users/kater/HauntedImages_8000/haunted_8294.png,0
/Users/kater/HauntedImages_8000/haunted_8295.png,2
/Users/kater/HauntedImages_8000/haunted_8296.png,0
/Users/kater/HauntedImages_8000/haunted_8297.png,0
/Users/kater/HauntedImages_8000/haunted_8298.png,0
/Users/kater/HauntedImages_8000/haunted_8299.png,0
/Users/kater/HauntedImages_8000/haunted_8300.png,0
/Users/kater/HauntedImages_8000/haunted_8301.png,0
/Users/kater/HauntedImages_8000/haunted_8302.png,0
/Users/kater/HauntedImages_8000/haunted_8303.png,0
/Users/kater/HauntedImages_8000/haunted_8304.png,2
/Users/kater/HauntedImages_8000/haunted_8305.png,0
/Users/kater/HauntedImages_8000/haunted_8306.png,0
/Users/kater/HauntedImages_8000/haunted_8307.png,2
/Users/kater/HauntedImages_8000/haunted_8308.png,0
/Users/kater/HauntedImages_8000/haunted_8309.png,2
/Users/kater/HauntedImages_8000/haunted_8310.png,0
/Users/kater/HauntedImages_8000/haunted_8311.png,2
/Users/kater/HauntedImages_8000/haunted_8312.png,0
/Users/kater/HauntedImages_8000/haunted_8313.png,1
/Users/kater/HauntedImages_8000/haunted_8314.png,0
/Users/kater/HauntedImages_8000/haunted_8315.png,2
/Users/kater/HauntedImages_8000/haunted_8317.png,0
/Users/kater/HauntedImages_8000/haunted_8318.png,0
/Users/kater/HauntedImages_8000/haunted_8319.png,1
/Users/kater/HauntedImages_8000/haunted_8320.png,1
/Users/kater/HauntedImages_8000/haunted_8322.png,1
/Users/kater/HauntedImages_8000/haunted_8323.png,0
/Users/kater/HauntedImages_8000/haunted_8324.png,2
/Users/kater/HauntedImages_8000/haunted_8325.png,2
/Users/kater/HauntedImages_8000/haunted_8326.png,2
/Users/kater/HauntedImages_8000/haunted_8328.png,2
/Users/kater/HauntedImages_8000/haunted_8329.png,2
/Users/kater/HauntedImages_8000/haunted_8330.png,0
/Users/kater/HauntedImages_8000/haunted_8331.png,0
/Users/kater/HauntedImages_8000/haunted_8332.png,1
/Users/kater/HauntedImages_8000/haunted_8334.png,0
/Users/kater/HauntedImages_8000/haunted_8335.png,0
/Users/kater/HauntedImages_8000/haunted_8336.png,1
/Users/kater/HauntedImages_8000/haunted_8337.png,2
/Users/kater/HauntedImages_8000/haunted_8338.png,2
/Users/kater/HauntedImages_8000/haunted_8339.png,1
/Users/kater/HauntedImages_8000/haunted_8340.png,2
/Users/kater/HauntedImages_8000/haunted_8341.png,2
/Users/kater/HauntedImages_8000/haunted_8342.png,0
/Users/kater/HauntedImages_8000/haunted_8343.png,2
/Users/kater/HauntedImages_8000/haunted_8344.png,0
/Users/kater/HauntedImages_8000/haunted_8345.png,1
/Users/kater/HauntedImages_8000/haunted_8346.png,2
/Users/kater/HauntedImages_8000/haunted_8347.png,2
/Users/kater/HauntedImages_8000/haunted_8348.png,1
/Users/kater/HauntedImages_8000/haunted_8349.png,0
/Users/kater/HauntedImages_8000/haunted_8350.png,0
/Users/kater/HauntedImages_8000/haunted_8351.png,2
/Users/kater/HauntedImages_8000/haunted_8352.png,0
/Users/kater/HauntedImages_8000/haunted_8353.png,0
/Users/kater/HauntedImages_8000/haunted_8354.png,2
/Users/kater/HauntedImages_8000/haunted_8355.png,0
/Users/kater/HauntedImages_8000/haunted_8356.png,0
/Users/kater/HauntedImages_8000/haunted_8357.png,1
/Users/kater/HauntedImages_8000/haunted_8358.png,0
/Users/kater/HauntedImages_8000/haunted_8359.png,0
/Users/kater/HauntedImages_8000/haunted_8360.png,0
/Users/kater/HauntedImages_8000/haunted_8361.png,0
/Users/kater/HauntedImages_8000/haunted_8362.png,2
/Users/kater/HauntedImages_8000/haunted_8363.png,0
/Users/kater/HauntedImages_8000/haunted_8364.png,0
/Users/kater/HauntedImages_8000/haunted_8365.png,0
/Users/kater/HauntedImages_8000/haunted_8366.png,1
/Users/kater/HauntedImages_8000/haunted_8367.png,2
/Users/kater/HauntedImages_8000/haunted_8368.png,0
/Users/kater/HauntedImages_8000/haunted_8369.png,1
/Users/kater/HauntedImages_8000/haunted_8370.png,2
/Users/kater/HauntedImages_8000/haunted_8371.png,2
/Users/kater/HauntedImages_8000/haunted_8372.png,2
/Users/kater/HauntedImages_8000/haunted_8373.png,1
/Users/kater/HauntedImages_8000/haunted_8374.png,1
/Users/kater/HauntedImages_8000/haunted_8375.png,0
/Users/kater/HauntedImages_8000/haunted_8376.png,0
/Users/kater/HauntedImages_8000/haunted_8377.png,2
/Users/kater/HauntedImages_8000/haunted_8378.png,0
/Users/kater/HauntedImages_8000/haunted_8379.png,2
/Users/kater/HauntedImages_8000/haunted_8380.png,2
/Users/kater/HauntedImages_8000/haunted_8381.png,0
/Users/kater/HauntedImages_8000/haunted_8382.png,2
/Users/kater/HauntedImages_8000/haunted_8383.png,1
/Users/kater/HauntedImages_8000/haunted_8384.png,2
/Users/kater/HauntedImages_8000/haunted_8385.png,0
/Users/kater/HauntedImages_8000/haunted_8386.png,0
/Users/kater/HauntedImages_8000/haunted_8387.png,0
/Users/kater/HauntedImages_8000/haunted_8388.png,0
/Users/kater/HauntedImages_8000/haunted_8389.png,1
/Users/kater/HauntedImages_8000/haunted_8390.png,0
/Users/kater/HauntedImages_8000/haunted_8391.png,2
/Users/kater/HauntedImages_8000/haunted_8392.png,2
/Users/kater/HauntedImages_8000/haunted_8393.png,2
/Users/kater/HauntedImages_8000/haunted_8394.png,1
/Users/kater/HauntedImages_8000/haunted_8395.png,1
/Users/kater/HauntedImages_8000/haunted_8396.png,0
/Users/kater/HauntedImages_8000/haunted_8397.png,1
/Users/kater/HauntedImages_8000/haunted_8398.png,0
/Users/kater/HauntedImages_8000/haunted_8399.png,2
/Users/kater/HauntedImages_8000/haunted_8400.png,0
/Users/kater/HauntedImages_8000/haunted_8401.png,1
/Users/kater/HauntedImages_8000/haunted_8402.png,0
/Users/kater/HauntedImages_8000/haunted_8403.png,1
/Users/kater/HauntedImages_8000/haunted_8404.png,2
/Users/kater/HauntedImages_8000/haunted_8405.png,2
/Users/kater/HauntedImages_8000/haunted_8406.png,0
/Users/kater/HauntedImages_8000/haunted_8407.png,1
/Users/kater/HauntedImages_8000/haunted_8408.png,0
/Users/kater/HauntedImages_8000/haunted_8409.png,0
/Users/kater/HauntedImages_8000/haunted_8411.png,0
/Users/kater/HauntedImages_8000/haunted_8412.png,2
/Users/kater/HauntedImages_8000/haunted_8413.png,0
/Users/kater/HauntedImages_8000/haunted_8414.png,2
/Users/kater/HauntedImages_8000/haunted_8415.png,0
/Users/kater/HauntedImages_8000/haunted_8416.png,0
/Users/kater/HauntedImages_8000/haunted_8417.png,0
/Users/kater/HauntedImages_8000/haunted_8418.png,0
/Users/kater/HauntedImages_8000/haunted_8419.png,2
/Users/kater/HauntedImages_8000/haunted_8420.png,2
/Users/kater/HauntedImages_8000/haunted_8421.png,2
/Users/kater/HauntedImages_8000/haunted_8422.png,0
/Users/kater/HauntedImages_8000/haunted_8423.png,0
/Users/kater/HauntedImages_8000/haunted_8424.png,0
/Users/kater/HauntedImages_8000/haunted_8425.png,2
/Users/kater/HauntedImages_8000/haunted_8426.png,0
/Users/kater/HauntedImages_8000/haunted_8427.png,1
/Users/kater/HauntedImages_8000/haunted_8428.png,2
/Users/kater/HauntedImages_8000/haunted_8429.png,1
/Users/kater/HauntedImages_8000/haunted_8430.png,0
/Users/kater/HauntedImages_8000/haunted_8431.png,2
/Users/kater/HauntedImages_8000/haunted_8432.png,0
/Users/kater/HauntedImages_8000/haunted_8433.png,0
/Users/kater/HauntedImages_8000/haunted_8434.png,0
/Users/kater/HauntedImages_8000/haunted_8436.png,0
/Users/kater/HauntedImages_8000/haunted_8437.png,2
/Users/kater/HauntedImages_8000/haunted_8438.png,0
/Users/kater/HauntedImages_8000/haunted_8439.png,2
/Users/kater/HauntedImages_8000/haunted_8440.png,2
/Users/kater/HauntedImages_8000/haunted_8441.png,2
/Users/kater/HauntedImages_8000/haunted_8442.png,0
/Users/kater/HauntedImages_8000/haunted_8443.png,0
/Users/kater/HauntedImages_8000/haunted_8447.png,0
/Users/kater/HauntedImages_8000/haunted_8449.png,2
/Users/kater/HauntedImages_8000/haunted_8450.png,0
/Users/kater/HauntedImages_8000/haunted_8451.png,2
/Users/kater/HauntedImages_8000/haunted_8452.png,2
/Users/kater/HauntedImages_8000/haunted_8453.png,0
/Users/kater/HauntedImages_8000/haunted_8454.png,2
/Users/kater/HauntedImages_8000/haunted_8455.png,1
/Users/kater/HauntedImages_8000/haunted_8456.png,2
/Users/kater/HauntedImages_8000/haunted_8457.png,0
/Users/kater/HauntedImages_8000/haunted_8458.png,0
/Users/kater/HauntedImages_8000/haunted_8459.png,0
/Users/kater/HauntedImages_8000/haunted_8460.png,2
/Users/kater/HauntedImages_8000/haunted_8461.png,0
/Users/kater/HauntedImages_8000/haunted_8462.png,1
/Users/kater/HauntedImages_8000/haunted_8463.png,0
/Users/kater/HauntedImages_8000/haunted_8464.png,2
/Users/kater/HauntedImages_8000/haunted_8465.png,0
/Users/kater/HauntedImages_8000/haunted_8466.png,0
/Users/kater/HauntedImages_8000/haunted_8467.png,2
/Users/kater/HauntedImages_8000/haunted_8468.png,0
/Users/kater/HauntedImages_8000/haunted_8469.png,0
/Users/kater/HauntedImages_8000/haunted_8470.png,0
/Users/kater/HauntedImages_8000/haunted_8471.png,1
/Users/kater/HauntedImages_8000/haunted_8472.png,0
/Users/kater/HauntedImages_8000/haunted_8473.png,1
/Users/kater/HauntedImages_8000/haunted_8474.png,1
/Users/kater/HauntedImages_8000/haunted_8475.png,2
/Users/kater/HauntedImages_8000/haunted_8476.png,0
/Users/kater/HauntedImages_8000/haunted_8477.png,2
/Users/kater/HauntedImages_8000/haunted_8478.png,1
/Users/kater/HauntedImages_8000/haunted_8479.png,0
/Users/kater/HauntedImages_8000/haunted_8480.png,2
/Users/kater/HauntedImages_8000/haunted_8481.png,2
/Users/kater/HauntedImages_8000/haunted_8482.png,2
/Users/kater/HauntedImages_8000/haunted_8483.png,0
/Users/kater/HauntedImages_8000/haunted_8484.png,0
/Users/kater/HauntedImages_8000/haunted_8485.png,0
/Users/kater/HauntedImages_8000/haunted_8486.png,0
/Users/kater/HauntedImages_8000/haunted_8487.png,0
/Users/kater/HauntedImages_8000/haunted_8488.png,2
/Users/kater/HauntedImages_8000/haunted_8489.png,2
/Users/kater/HauntedImages_8000/haunted_8490.png,2
/Users/kater/HauntedImages_8000/haunted_8491.png,0
/Users/kater/HauntedImages_8000/haunted_8492.png,1
/Users/kater/HauntedImages_8000/haunted_8493.png,0
/Users/kater/HauntedImages_8000/haunted_8494.png,0
/Users/kater/HauntedImages_8000/haunted_8495.png,0
/Users/kater/HauntedImages_8000/haunted_8496.png,1
/Users/kater/HauntedImages_8000/haunted_8498.png,2
/Users/kater/HauntedImages_8000/haunted_8499.png,2
/Users/kater/HauntedImages_8000/haunted_8500.png,2
/Users/kater/HauntedImages_8000/haunted_8501.png,1
/Users/kater/HauntedImages_8000/haunted_8502.png,2
/Users/kater/HauntedImages_8000/haunted_8503.png,2
/Users/kater/HauntedImages_8000/haunted_8504.png,0
/Users/kater/HauntedImages_8000/haunted_8505.png,1
/Users/kater/HauntedImages_8000/haunted_8506.png,0
/Users/kater/HauntedImages_8000/haunted_8507.png,2
/Users/kater/HauntedImages_8000/haunted_8508.png,0
/Users/kater/HauntedImages_8000/haunted_8509.png,2
/Users/kater/HauntedImages_8000/haunted_8510.png,2
/Users/kater/HauntedImages_8000/haunted_8511.png,2
/Users/kater/HauntedImages_8000/haunted_8512.png,2
/Users/kater/HauntedImages_8000/haunted_8513.png,0
/Users/kater/HauntedImages_8000/haunted_8514.png,2
/Users/kater/HauntedImages_8000/haunted_8515.png,0
/Users/kater/HauntedImages_8000/haunted_8516.png,2
/Users/kater/HauntedImages_8000/haunted_8517.png,0
/Users/kater/HauntedImages_8000/haunted_8518.png,0
/Users/kater/HauntedImages_8000/haunted_8519.png,2
/Users/kater/HauntedImages_8000/haunted_8520.png,0
/Users/kater/HauntedImages_8000/haunted_8521.png,1
/Users/kater/HauntedImages_8000/haunted_8522.png,0
/Users/kater/HauntedImages_8000/haunted_8523.png,1
/Users/kater/HauntedImages_8000/haunted_8524.png,0
/Users/kater/HauntedImages_8000/haunted_8525.png,0
/Users/kater/HauntedImages_8000/haunted_8526.png,2
/Users/kater/HauntedImages_8000/haunted_8527.png,0
/Users/kater/HauntedImages_8000/haunted_8528.png,0
/Users/kater/HauntedImages_8000/haunted_8529.png,0
/Users/kater/HauntedImages_8000/haunted_8530.png,0
/Users/kater/HauntedImages_8000/haunted_8531.png,0
/Users/kater/HauntedImages_8000/haunted_8532.png,0
/Users/kater/HauntedImages_8000/haunted_8533.png,0
/Users/kater/HauntedImages_8000/haunted_8534.png,0
/Users/kater/HauntedImages_8000/haunted_8535.png,2
/Users/kater/HauntedImages_8000/haunted_8536.png,0
/Users/kater/HauntedImages_8000/haunted_8538.png,1
/Users/kater/HauntedImages_8000/haunted_8539.png,2
/Users/kater/HauntedImages_8000/haunted_8540.png,0
/Users/kater/HauntedImages_8000/haunted_8541.png,2
/Users/kater/HauntedImages_8000/haunted_8542.png,0
/Users/kater/HauntedImages_8000/haunted_8544.png,0
/Users/kater/HauntedImages_8000/haunted_8545.png,1
/Users/kater/HauntedImages_8000/haunted_8546.png,0
/Users/kater/HauntedImages_8000/haunted_8547.png,0
/Users/kater/HauntedImages_8000/haunted_8548.png,2
/Users/kater/HauntedImages_8000/haunted_8549.png,1
/Users/kater/HauntedImages_8000/haunted_8550.png,0
/Users/kater/HauntedImages_8000/haunted_8551.png,0
/Users/kater/HauntedImages_8000/haunted_8552.png,0
/Users/kater/HauntedImages_8000/haunted_8553.png,0
/Users/kater/HauntedImages_8000/haunted_8554.png,0
/Users/kater/HauntedImages_8000/haunted_8555.png,0
/Users/kater/HauntedImages_8000/haunted_8556.png,0
/Users/kater/HauntedImages_8000/haunted_8557.png,0
/Users/kater/HauntedImages_8000/haunted_8558.png,1
/Users/kater/HauntedImages_8000/haunted_8559.png,0
/Users/kater/HauntedImages_8000/haunted_8560.png,2
/Users/kater/HauntedImages_8000/haunted_8561.png,2
/Users/kater/HauntedImages_8000/haunted_8562.png,0
/Users/kater/HauntedImages_8000/haunted_8563.png,1
/Users/kater/HauntedImages_8000/haunted_8564.png,1
/Users/kater/HauntedImages_8000/haunted_8565.png,2
/Users/kater/HauntedImages_8000/haunted_8566.png,0
/Users/kater/HauntedImages_8000/haunted_8567.png,2
/Users/kater/HauntedImages_8000/haunted_8568.png,2
/Users/kater/HauntedImages_8000/haunted_8569.png,2
/Users/kater/HauntedImages_8000/haunted_8571.png,1
/Users/kater/HauntedImages_8000/haunted_8572.png,0
/Users/kater/HauntedImages_8000/haunted_8573.png,2
/Users/kater/HauntedImages_8000/haunted_8574.png,2
/Users/kater/HauntedImages_8000/haunted_8575.png,2
/Users/kater/HauntedImages_8000/haunted_8576.png,2
/Users/kater/HauntedImages_8000/haunted_8577.png,0
/Users/kater/HauntedImages_8000/haunted_8578.png,0
/Users/kater/HauntedImages_8000/haunted_8579.png,2
/Users/kater/HauntedImages_8000/haunted_8580.png,0
/Users/kater/HauntedImages_8000/haunted_8581.png,0
/Users/kater/HauntedImages_8000/haunted_8582.png,1
/Users/kater/HauntedImages_8000/haunted_8583.png,0
/Users/kater/HauntedImages_8000/haunted_8584.png,2
/Users/kater/HauntedImages_8000/haunted_8585.png,0
/Users/kater/HauntedImages_8000/haunted_8586.png,1
/Users/kater/HauntedImages_8000/haunted_8587.png,2
/Users/kater/HauntedImages_8000/haunted_8588.png,0
/Users/kater/HauntedImages_8000/haunted_8589.png,0
/Users/kater/HauntedImages_8000/haunted_8590.png,1
/Users/kater/HauntedImages_8000/haunted_8591.png,2
/Users/kater/HauntedImages_8000/haunted_8592.png,2
/Users/kater/HauntedImages_8000/haunted_8593.png,0
/Users/kater/HauntedImages_8000/haunted_8594.png,0
/Users/kater/HauntedImages_8000/haunted_8595.png,2
/Users/kater/HauntedImages_8000/haunted_8596.png,0
/Users/kater/HauntedImages_8000/haunted_8597.png,1
/Users/kater/HauntedImages_8000/haunted_8598.png,2
/Users/kater/HauntedImages_8000/haunted_8599.png,2
/Users/kater/HauntedImages_8000/haunted_8600.png,2
/Users/kater/HauntedImages_8000/haunted_8601.png,2
/Users/kater/HauntedImages_8000/haunted_8602.png,2
/Users/kater/HauntedImages_8000/haunted_8603.png,2
/Users/kater/HauntedImages_8000/haunted_8604.png,0
/Users/kater/HauntedImages_8000/haunted_8605.png,2
/Users/kater/HauntedImages_8000/haunted_8606.png,1
/Users/kater/HauntedImages_8000/haunted_8607.png,2
/Users/kater/HauntedImages_8000/haunted_8608.png,0
/Users/kater/HauntedImages_8000/haunted_8609.png,0
/Users/kater/HauntedImages_8000/haunted_8610.png,0
/Users/kater/HauntedImages_8000/haunted_8611.png,1
/Users/kater/HauntedImages_8000/haunted_8612.png,1
/Users/kater/HauntedImages_8000/haunted_8613.png,2
/Users/kater/HauntedImages_8000/haunted_8614.png,0
/Users/kater/HauntedImages_8000/haunted_8615.png,2
/Users/kater/HauntedImages_8000/haunted_8616.png,2
/Users/kater/HauntedImages_8000/haunted_8617.png,0
/Users/kater/HauntedImages_8000/haunted_8618.png,2
/Users/kater/HauntedImages_8000/haunted_8619.png,2
/Users/kater/HauntedImages_8000/haunted_8620.png,2
/Users/kater/HauntedImages_8000/haunted_8621.png,0
/Users/kater/HauntedImages_8000/haunted_8622.png,0
/Users/kater/HauntedImages_8000/haunted_8623.png,0
/Users/kater/HauntedImages_8000/haunted_8624.png,0
/Users/kater/HauntedImages_8000/haunted_8625.png,2
/Users/kater/HauntedImages_8000/haunted_8626.png,0
/Users/kater/HauntedImages_8000/haunted_8627.png,2
/Users/kater/HauntedImages_8000/haunted_8628.png,2
/Users/kater/HauntedImages_8000/haunted_8629.png,0
/Users/kater/HauntedImages_8000/haunted_8630.png,2
/Users/kater/HauntedImages_8000/haunted_8631.png,0
/Users/kater/HauntedImages_8000/haunted_8632.png,0
/Users/kater/HauntedImages_8000/haunted_8633.png,0
/Users/kater/HauntedImages_8000/haunted_8634.png,0
/Users/kater/HauntedImages_8000/haunted_8635.png,0
/Users/kater/HauntedImages_8000/haunted_8636.png,1
/Users/kater/HauntedImages_8000/haunted_8637.png,0
/Users/kater/HauntedImages_8000/haunted_8638.png,0
/Users/kater/HauntedImages_8000/haunted_8639.png,2
/Users/kater/HauntedImages_8000/haunted_8640.png,2
/Users/kater/HauntedImages_8000/haunted_8641.png,0
/Users/kater/HauntedImages_8000/haunted_8642.png,0
/Users/kater/HauntedImages_8000/haunted_8643.png,2
/Users/kater/HauntedImages_8000/haunted_8644.png,2
/Users/kater/HauntedImages_8000/haunted_8645.png,1
/Users/kater/HauntedImages_8000/haunted_8646.png,1
/Users/kater/HauntedImages_8000/haunted_8647.png,0
/Users/kater/HauntedImages_8000/haunted_8648.png,2
/Users/kater/HauntedImages_8000/haunted_8649.png,1
/Users/kater/HauntedImages_8000/haunted_8650.png,2
/Users/kater/HauntedImages_8000/haunted_8651.png,0
/Users/kater/HauntedImages_8000/haunted_8653.png,1
/Users/kater/HauntedImages_8000/haunted_8654.png,0
/Users/kater/HauntedImages_8000/haunted_8655.png,0
/Users/kater/HauntedImages_8000/haunted_8656.png,2
/Users/kater/HauntedImages_8000/haunted_8657.png,2
/Users/kater/HauntedImages_8000/haunted_8658.png,2
/Users/kater/HauntedImages_8000/haunted_8659.png,1
/Users/kater/HauntedImages_8000/haunted_8660.png,1
/Users/kater/HauntedImages_8000/haunted_8661.png,0
/Users/kater/HauntedImages_8000/haunted_8662.png,2
/Users/kater/HauntedImages_8000/haunted_8663.png,0
/Users/kater/HauntedImages_8000/haunted_8664.png,2
/Users/kater/HauntedImages_8000/haunted_8665.png,0
/Users/kater/HauntedImages_8000/haunted_8666.png,2
/Users/kater/HauntedImages_8000/haunted_8667.png,2
/Users/kater/HauntedImages_8000/haunted_8668.png,2
/Users/kater/HauntedImages_8000/haunted_8669.png,0
/Users/kater/HauntedImages_8000/haunted_8670.png,0
/Users/kater/HauntedImages_8000/haunted_8671.png,0
/Users/kater/HauntedImages_8000/haunted_8672.png,1
/Users/kater/HauntedImages_8000/haunted_8673.png,2
/Users/kater/HauntedImages_8000/haunted_8674.png,2
/Users/kater/HauntedImages_8000/haunted_8675.png,0
/Users/kater/HauntedImages_8000/haunted_8676.png,2
/Users/kater/HauntedImages_8000/haunted_8677.png,2
/Users/kater/HauntedImages_8000/haunted_8678.png,0
/Users/kater/HauntedImages_8000/haunted_8679.png,0
/Users/kater/HauntedImages_8000/haunted_8680.png,0
/Users/kater/HauntedImages_8000/haunted_8681.png,0
/Users/kater/HauntedImages_8000/haunted_8682.png,0
/Users/kater/HauntedImages_8000/haunted_8683.png,2
/Users/kater/HauntedImages_8000/haunted_8684.png,1
/Users/kater/HauntedImages_8000/haunted_8685.png,0
/Users/kater/HauntedImages_8000/haunted_8686.png,2
/Users/kater/HauntedImages_8000/haunted_8687.png,1
/Users/kater/HauntedImages_8000/haunted_8688.png,2
/Users/kater/HauntedImages_8000/haunted_8689.png,0
/Users/kater/HauntedImages_8000/haunted_8690.png,0
/Users/kater/HauntedImages_8000/haunted_8691.png,2
/Users/kater/HauntedImages_8000/haunted_8692.png,1
/Users/kater/HauntedImages_8000/haunted_8693.png,2
/Users/kater/HauntedImages_8000/haunted_8694.png,0
/Users/kater/HauntedImages_8000/haunted_8695.png,0
/Users/kater/HauntedImages_8000/haunted_8696.png,2
/Users/kater/HauntedImages_8000/haunted_8697.png,2
/Users/kater/HauntedImages_8000/haunted_8698.png,0
/Users/kater/HauntedImages_8000/haunted_8699.png,2
/Users/kater/HauntedImages_8000/haunted_8700.png,2
/Users/kater/HauntedImages_8000/haunted_8701.png,2
/Users/kater/HauntedImages_8000/haunted_8702.png,2
/Users/kater/HauntedImages_8000/haunted_8703.png,0
/Users/kater/HauntedImages_8000/haunted_8704.png,0
/Users/kater/HauntedImages_8000/haunted_8705.png,2
/Users/kater/HauntedImages_8000/haunted_8706.png,0
/Users/kater/HauntedImages_8000/haunted_8707.png,1
/Users/kater/HauntedImages_8000/haunted_8708.png,0
/Users/kater/HauntedImages_8000/haunted_8709.png,2
/Users/kater/HauntedImages_8000/haunted_8710.png,0
/Users/kater/HauntedImages_8000/haunted_8711.png,2
/Users/kater/HauntedImages_8000/haunted_8712.png,0
/Users/kater/HauntedImages_8000/haunted_8713.png,2
/Users/kater/HauntedImages_8000/haunted_8714.png,2
/Users/kater/HauntedImages_8000/haunted_8715.png,2
/Users/kater/HauntedImages_8000/haunted_8716.png,1
/Users/kater/HauntedImages_8000/haunted_8717.png,0
/Users/kater/HauntedImages_8000/haunted_8718.png,1
/Users/kater/HauntedImages_8000/haunted_8719.png,0
/Users/kater/HauntedImages_8000/haunted_8721.png,0
/Users/kater/HauntedImages_8000/haunted_8722.png,0
/Users/kater/HauntedImages_8000/haunted_8723.png,0
/Users/kater/HauntedImages_8000/haunted_8724.png,0
/Users/kater/HauntedImages_8000/haunted_8725.png,0
/Users/kater/HauntedImages_8000/haunted_8726.png,1
/Users/kater/HauntedImages_8000/haunted_8727.png,0
/Users/kater/HauntedImages_8000/haunted_8728.png,0
/Users/kater/HauntedImages_8000/haunted_8729.png,2
/Users/kater/HauntedImages_8000/haunted_8730.png,0
/Users/kater/HauntedImages_8000/haunted_8731.png,2
/Users/kater/HauntedImages_8000/haunted_8732.png,1
/Users/kater/HauntedImages_8000/haunted_8733.png,0
/Users/kater/HauntedImages_8000/haunted_8734.png,0
/Users/kater/HauntedImages_8000/haunted_8735.png,1
/Users/kater/HauntedImages_8000/haunted_8736.png,2
/Users/kater/HauntedImages_8000/haunted_8737.png,0
/Users/kater/HauntedImages_8000/haunted_8738.png,0
/Users/kater/HauntedImages_8000/haunted_8739.png,0
/Users/kater/HauntedImages_8000/haunted_8740.png,0
/Users/kater/HauntedImages_8000/haunted_8741.png,0
/Users/kater/HauntedImages_8000/haunted_8742.png,0
/Users/kater/HauntedImages_8000/haunted_8743.png,0
/Users/kater/HauntedImages_8000/haunted_8745.png,0
/Users/kater/HauntedImages_8000/haunted_8746.png,2
/Users/kater/HauntedImages_8000/haunted_8747.png,1
/Users/kater/HauntedImages_8000/haunted_8748.png,0
/Users/kater/HauntedImages_8000/haunted_8749.png,2
/Users/kater/HauntedImages_8000/haunted_8750.png,0
/Users/kater/HauntedImages_8000/haunted_8751.png,2
/Users/kater/HauntedImages_8000/haunted_8752.png,1
/Users/kater/HauntedImages_8000/haunted_8753.png,1
/Users/kater/HauntedImages_8000/haunted_8754.png,0
/Users/kater/HauntedImages_8000/haunted_8755.png,0
/Users/kater/HauntedImages_8000/haunted_8756.png,0
/Users/kater/HauntedImages_8000/haunted_8757.png,1
/Users/kater/HauntedImages_8000/haunted_8758.png,0
/Users/kater/HauntedImages_8000/haunted_8759.png,0
/Users/kater/HauntedImages_8000/haunted_8760.png,1
/Users/kater/HauntedImages_8000/haunted_8761.png,2
/Users/kater/HauntedImages_8000/haunted_8762.png,1
/Users/kater/HauntedImages_8000/haunted_8763.png,0
/Users/kater/HauntedImages_8000/haunted_8764.png,0
/Users/kater/HauntedImages_8000/haunted_8765.png,0
/Users/kater/HauntedImages_8000/haunted_8766.png,0
/Users/kater/HauntedImages_8000/haunted_8767.png,1
/Users/kater/HauntedImages_8000/haunted_8769.png,0
/Users/kater/HauntedImages_8000/haunted_8770.png,0
/Users/kater/HauntedImages_8000/haunted_8771.png,2
/Users/kater/HauntedImages_8000/haunted_8772.png,2
/Users/kater/HauntedImages_8000/haunted_8773.png,0
/Users/kater/HauntedImages_8000/haunted_8774.png,0
/Users/kater/HauntedImages_8000/haunted_8775.png,0
/Users/kater/HauntedImages_8000/haunted_8776.png,0
/Users/kater/HauntedImages_8000/haunted_8777.png,0
/Users/kater/HauntedImages_8000/haunted_8778.png,1
/Users/kater/HauntedImages_8000/haunted_8779.png,0
/Users/kater/HauntedImages_8000/haunted_8780.png,1
/Users/kater/HauntedImages_8000/haunted_8781.png,0
/Users/kater/HauntedImages_8000/haunted_8783.png,0
/Users/kater/HauntedImages_8000/haunted_8784.png,2
/Users/kater/HauntedImages_8000/haunted_8786.png,0
/Users/kater/HauntedImages_8000/haunted_8787.png,2
/Users/kater/HauntedImages_8000/haunted_8788.png,0
/Users/kater/HauntedImages_8000/haunted_8789.png,1
/Users/kater/HauntedImages_8000/haunted_8790.png,0
/Users/kater/HauntedImages_8000/haunted_8791.png,2
/Users/kater/HauntedImages_8000/haunted_8792.png,0
/Users/kater/HauntedImages_8000/haunted_8793.png,0
/Users/kater/HauntedImages_8000/haunted_8794.png,2
/Users/kater/HauntedImages_8000/haunted_8795.png,2
/Users/kater/HauntedImages_8000/haunted_8797.png,1
/Users/kater/HauntedImages_8000/haunted_8798.png,2
/Users/kater/HauntedImages_8000/haunted_8799.png,2
/Users/kater/HauntedImages_8000/haunted_8801.png,0
/Users/kater/HauntedImages_8000/haunted_8802.png,0
/Users/kater/HauntedImages_8000/haunted_8803.png,0
/Users/kater/HauntedImages_8000/haunted_8804.png,2
/Users/kater/HauntedImages_8000/haunted_8805.png,0
/Users/kater/HauntedImages_8000/haunted_8806.png,1
/Users/kater/HauntedImages_8000/haunted_8807.png,0
/Users/kater/HauntedImages_8000/haunted_8808.png,2
/Users/kater/HauntedImages_8000/haunted_8809.png,0
/Users/kater/HauntedImages_8000/haunted_8810.png,2
/Users/kater/HauntedImages_8000/haunted_8811.png,0
/Users/kater/HauntedImages_8000/haunted_8812.png,2
/Users/kater/HauntedImages_8000/haunted_8813.png,1
/Users/kater/HauntedImages_8000/haunted_8814.png,2
/Users/kater/HauntedImages_8000/haunted_8815.png,0
/Users/kater/HauntedImages_8000/haunted_8816.png,2
/Users/kater/HauntedImages_8000/haunted_8817.png,0
/Users/kater/HauntedImages_8000/haunted_8818.png,2
/Users/kater/HauntedImages_8000/haunted_8819.png,2
/Users/kater/HauntedImages_8000/haunted_8820.png,0
/Users/kater/HauntedImages_8000/haunted_8821.png,0
/Users/kater/HauntedImages_8000/haunted_8822.png,2
/Users/kater/HauntedImages_8000/haunted_8823.png,0
/Users/kater/HauntedImages_8000/haunted_8824.png,1
/Users/kater/HauntedImages_8000/haunted_8825.png,2
/Users/kater/HauntedImages_8000/haunted_8826.png,0
/Users/kater/HauntedImages_8000/haunted_8827.png,0
/Users/kater/HauntedImages_8000/haunted_8828.png,0
/Users/kater/HauntedImages_8000/haunted_8829.png,0
/Users/kater/HauntedImages_8000/haunted_8830.png,0
/Users/kater/HauntedImages_8000/haunted_8831.png,0
/Users/kater/HauntedImages_8000/haunted_8832.png,1
/Users/kater/HauntedImages_8000/haunted_8833.png,0
/Users/kater/HauntedImages_8000/haunted_8834.png,0
/Users/kater/HauntedImages_8000/haunted_8835.png,0
/Users/kater/HauntedImages_8000/haunted_8836.png,0
/Users/kater/HauntedImages_8000/haunted_8837.png,1
/Users/kater/HauntedImages_8000/haunted_8838.png,2
/Users/kater/HauntedImages_8000/haunted_8839.png,0
/Users/kater/HauntedImages_8000/haunted_8840.png,1
/Users/kater/HauntedImages_8000/haunted_8841.png,0
/Users/kater/HauntedImages_8000/haunted_8842.png,0
/Users/kater/HauntedImages_8000/haunted_8843.png,0
/Users/kater/HauntedImages_8000/haunted_8844.png,2
/Users/kater/HauntedImages_8000/haunted_8845.png,1
/Users/kater/HauntedImages_8000/haunted_8847.png,1
/Users/kater/HauntedImages_8000/haunted_8848.png,0
/Users/kater/HauntedImages_8000/haunted_8849.png,0
/Users/kater/HauntedImages_8000/haunted_8850.png,0
/Users/kater/HauntedImages_8000/haunted_8851.png,0
/Users/kater/HauntedImages_8000/haunted_8852.png,0
/Users/kater/HauntedImages_8000/haunted_8853.png,0
/Users/kater/HauntedImages_8000/haunted_8854.png,0
/Users/kater/HauntedImages_8000/haunted_8855.png,0
/Users/kater/HauntedImages_8000/haunted_8856.png,0
/Users/kater/HauntedImages_8000/haunted_8857.png,0
/Users/kater/HauntedImages_8000/haunted_8858.png,1
/Users/kater/HauntedImages_8000/haunted_8859.png,0
/Users/kater/HauntedImages_8000/haunted_8860.png,0
/Users/kater/HauntedImages_8000/haunted_8861.png,0
/Users/kater/HauntedImages_8000/haunted_8862.png,0
/Users/kater/HauntedImages_8000/haunted_8863.png,2
/Users/kater/HauntedImages_8000/haunted_8864.png,0
/Users/kater/HauntedImages_8000/haunted_8865.png,2
/Users/kater/HauntedImages_8000/haunted_8866.png,0
/Users/kater/HauntedImages_8000/haunted_8867.png,0
/Users/kater/HauntedImages_8000/haunted_8868.png,2
/Users/kater/HauntedImages_8000/haunted_8869.png,1
/Users/kater/HauntedImages_8000/haunted_8870.png,2
/Users/kater/HauntedImages_8000/haunted_8871.png,2
/Users/kater/HauntedImages_8000/haunted_8872.png,0
/Users/kater/HauntedImages_8000/haunted_8873.png,2
/Users/kater/HauntedImages_8000/haunted_8874.png,2
/Users/kater/HauntedImages_8000/haunted_8875.png,2
/Users/kater/HauntedImages_8000/haunted_8876.png,0
/Users/kater/HauntedImages_8000/haunted_8877.png,2
/Users/kater/HauntedImages_8000/haunted_8878.png,1
/Users/kater/HauntedImages_8000/haunted_8879.png,0
/Users/kater/HauntedImages_8000/haunted_8880.png,1
/Users/kater/HauntedImages_8000/haunted_8881.png,2
/Users/kater/HauntedImages_8000/haunted_8882.png,0
/Users/kater/HauntedImages_8000/haunted_8883.png,1
/Users/kater/HauntedImages_8000/haunted_8884.png,1
/Users/kater/HauntedImages_8000/haunted_8885.png,2
/Users/kater/HauntedImages_8000/haunted_8886.png,0
/Users/kater/HauntedImages_8000/haunted_8887.png,0
/Users/kater/HauntedImages_8000/haunted_8888.png,0
/Users/kater/HauntedImages_8000/haunted_8889.png,0
/Users/kater/HauntedImages_8000/haunted_8890.png,1
/Users/kater/HauntedImages_8000/haunted_8891.png,2
/Users/kater/HauntedImages_8000/haunted_8892.png,0
/Users/kater/HauntedImages_8000/haunted_8893.png,0
/Users/kater/HauntedImages_8000/haunted_8894.png,0
/Users/kater/HauntedImages_8000/haunted_8895.png,0
/Users/kater/HauntedImages_8000/haunted_8896.png,2
/Users/kater/HauntedImages_8000/haunted_8897.png,0
/Users/kater/HauntedImages_8000/haunted_8898.png,1
/Users/kater/HauntedImages_8000/haunted_8899.png,0
/Users/kater/HauntedImages_8000/haunted_8900.png,0
/Users/kater/HauntedImages_8000/haunted_8901.png,0
/Users/kater/HauntedImages_8000/haunted_8902.png,0
/Users/kater/HauntedImages_8000/haunted_8903.png,0
/Users/kater/HauntedImages_8000/haunted_8904.png,2
/Users/kater/HauntedImages_8000/haunted_8905.png,0
/Users/kater/HauntedImages_8000/haunted_8906.png,2
/Users/kater/HauntedImages_8000/haunted_8907.png,2
/Users/kater/HauntedImages_8000/haunted_8908.png,2
/Users/kater/HauntedImages_8000/haunted_8909.png,1
/Users/kater/HauntedImages_8000/haunted_8910.png,2
/Users/kater/HauntedImages_8000/haunted_8911.png,1
/Users/kater/HauntedImages_8000/haunted_8912.png,0
/Users/kater/HauntedImages_8000/haunted_8913.png,0
/Users/kater/HauntedImages_8000/haunted_8914.png,0
/Users/kater/HauntedImages_8000/haunted_8915.png,0
/Users/kater/HauntedImages_8000/haunted_8916.png,0
/Users/kater/HauntedImages_8000/haunted_8917.png,1
/Users/kater/HauntedImages_8000/haunted_8918.png,1
/Users/kater/HauntedImages_8000/haunted_8919.png,0
/Users/kater/HauntedImages_8000/haunted_8920.png,1
/Users/kater/HauntedImages_8000/haunted_8921.png,2
/Users/kater/HauntedImages_8000/haunted_8922.png,0
/Users/kater/HauntedImages_8000/haunted_8923.png,2
/Users/kater/HauntedImages_8000/haunted_8924.png,2
/Users/kater/HauntedImages_8000/haunted_8925.png,2
/Users/kater/HauntedImages_8000/haunted_8926.png,2
/Users/kater/HauntedImages_8000/haunted_8927.png,2
/Users/kater/HauntedImages_8000/haunted_8928.png,2
/Users/kater/HauntedImages_8000/haunted_8929.png,2
/Users/kater/HauntedImages_8000/haunted_8930.png,0
/Users/kater/HauntedImages_8000/haunted_8931.png,2
/Users/kater/HauntedImages_8000/haunted_8932.png,0
/Users/kater/HauntedImages_8000/haunted_8933.png,0
/Users/kater/HauntedImages_8000/haunted_8935.png,0
/Users/kater/HauntedImages_8000/haunted_8936.png,1
/Users/kater/HauntedImages_8000/haunted_8937.png,1
/Users/kater/HauntedImages_8000/haunted_8938.png,0
/Users/kater/HauntedImages_8000/haunted_8939.png,2
/Users/kater/HauntedImages_8000/haunted_8940.png,0
/Users/kater/HauntedImages_8000/haunted_8941.png,0
/Users/kater/HauntedImages_8000/haunted_8942.png,2
/Users/kater/HauntedImages_8000/haunted_8944.png,0
/Users/kater/HauntedImages_8000/haunted_8945.png,2
/Users/kater/HauntedImages_8000/haunted_8946.png,2
/Users/kater/HauntedImages_8000/haunted_8947.png,2
/Users/kater/HauntedImages_8000/haunted_8948.png,0
/Users/kater/HauntedImages_8000/haunted_8949.png,2
/Users/kater/HauntedImages_8000/haunted_8950.png,2
/Users/kater/HauntedImages_8000/haunted_8951.png,2
/Users/kater/HauntedImages_8000/haunted_8952.png,2
/Users/kater/HauntedImages_8000/haunted_8953.png,2
/Users/kater/HauntedImages_8000/haunted_8954.png,0
/Users/kater/HauntedImages_8000/haunted_8955.png,0
/Users/kater/HauntedImages_8000/haunted_8956.png,0
/Users/kater/HauntedImages_8000/haunted_8957.png,0
/Users/kater/HauntedImages_8000/haunted_8958.png,2
/Users/kater/HauntedImages_8000/haunted_8960.png,0
/Users/kater/HauntedImages_8000/haunted_8961.png,2
/Users/kater/HauntedImages_8000/haunted_8962.png,2
/Users/kater/HauntedImages_8000/haunted_8964.png,2
/Users/kater/HauntedImages_8000/haunted_8966.png,0
/Users/kater/HauntedImages_8000/haunted_8967.png,0
/Users/kater/HauntedImages_8000/haunted_8968.png,2
/Users/kater/HauntedImages_8000/haunted_8969.png,2
/Users/kater/HauntedImages_8000/haunted_8970.png,0
/Users/kater/HauntedImages_8000/haunted_8971.png,0
/Users/kater/HauntedImages_8000/haunted_8972.png,1
/Users/kater/HauntedImages_8000/haunted_8973.png,1
/Users/kater/HauntedImages_8000/haunted_8974.png,2
/Users/kater/HauntedImages_8000/haunted_8975.png,0
/Users/kater/HauntedImages_8000/haunted_8976.png,2
/Users/kater/HauntedImages_8000/haunted_8977.png,0
/Users/kater/HauntedImages_8000/haunted_8978.png,2
/Users/kater/HauntedImages_8000/haunted_8979.png,1
/Users/kater/HauntedImages_8000/haunted_8980.png,0
/Users/kater/HauntedImages_8000/haunted_8981.png,0
/Users/kater/HauntedImages_8000/haunted_8982.png,2
/Users/kater/HauntedImages_8000/haunted_8983.png,1
/Users/kater/HauntedImages_8000/haunted_8984.png,2
/Users/kater/HauntedImages_8000/haunted_8986.png,0
/Users/kater/HauntedImages_8000/haunted_8987.png,0
/Users/kater/HauntedImages_8000/haunted_8988.png,0
/Users/kater/HauntedImages_8000/haunted_8989.png,2
/Users/kater/HauntedImages_8000/haunted_8990.png,2
/Users/kater/HauntedImages_8000/haunted_8991.png,2
/Users/kater/HauntedImages_8000/haunted_8992.png,0
/Users/kater/HauntedImages_8000/haunted_8993.png,0
/Users/kater/HauntedImages_8000/haunted_8994.png,2
/Users/kater/HauntedImages_8000/haunted_8995.png,0
/Users/kater/HauntedImages_8000/haunted_8996.png,1
/Users/kater/HauntedImages_8000/haunted_8997.png,0
/Users/kater/HauntedImages_8000/haunted_8998.png,2
/Users/kater/HauntedImages_8000/haunted_8999.png,0
